model,f1,roc_auc,pr_auc
LR,0.13774597495527727,0.5081467926190661,0.31409994484147397
RF,0.17905675459632295,0.499771254467412,0.30510708306885304
XGB,0.0022988505747126436,0.5230834078755155,0.32879072907677864
