accuracy,precision_macro,recall_macro,f1_macro,roc_auc
0.9176246561816771,0.9069151211084854,0.8923962381569832,0.8991924670579141,0.9267481575721985
