modelo,f1,recall,precision,roc_auc
Dummy,0.0,0.0,0.0,0.5
LogisticRegression,0.2826069661261365,0.26596382615058334,0.3029479804720906,0.49909247516429983
RandomForest,0.35789957907377656,0.44797036579719096,0.29989024125179653,0.5063072864047097
XGBoost,0.43123749260415317,0.7986117542144707,0.29542827354565027,0.5031492139257663
