modelo,f1,recall,precision,roc_auc
Dummy,0.0,0.0,0.0,0.5
LogisticRegression,0.35616462317905595,0.4866717049895196,0.3081191940522158,0.506576850254581
RandomForest,0.36075003590121013,0.43665511538988194,0.3074983375534014,0.4950788366099282
XGBoost,0.44846470958352624,0.846713152655916,0.30501573874871674,0.49476913459961536
